{
    "effective_number_clusters": {
        "avg": 1.1330580215334793,
        "std": 0.2495937425725213
    },
    "number_iterations": {
        "avg": 89.86,
        "std": 107.78265352087041
    },
    "average_pairwise_distance": {
        "avg": 0.08524680000271764,
        "std": 0.13846295263532712
    },
    "mean_opinion_distrib": {
        "avg": 0.4713251990724528,
        "std": 0.44451137853057354
    },
    "variance_opinion_distrib": {
        "avg": 0.04168738637246885,
        "std": 0.06771115165042066
    },
    "lobbyists_performance": null
}