{
    "effective_number_clusters": {
        "avg": 1.1752496917170345,
        "std": 0.2802702639238188
    },
    "number_iterations": {
        "avg": 101.45,
        "std": 118.57658917341146
    },
    "average_pairwise_distance": {
        "avg": 0.11230035937189532,
        "std": 0.157526923409362
    },
    "mean_opinion_distrib": {
        "avg": 0.630660000885648,
        "std": 0.42058302964636546
    },
    "variance_opinion_distrib": {
        "avg": 0.05603787415223325,
        "std": 0.07860593377948764
    },
    "lobbyists_performance": {
        "0": {
            "avg": 2.8399989102560057,
            "std": 1.8939768917256499
        },
        "1": {
            "avg": 1.6632180395275264,
            "std": 1.8939768320890344
        }
    }
}