{
    "effective_number_clusters": {
        "avg": 1.0,
        "std": 0.0
    },
    "number_iterations": {
        "avg": 6.0,
        "std": 0.7745966692414834
    },
    "average_pairwise_distance": {
        "avg": 1.55902449660496e-08,
        "std": 2.1527023690854722e-08
    },
    "mean_opinion_distrib": {
        "avg": 0.7939999941010192,
        "std": 0.3919999945222752
    },
    "variance_opinion_distrib": {
        "avg": 1.816849852015884e-14,
        "std": 3.5270793737498765e-14
    },
    "lobbyists_performance": {
        "0": {
            "avg": 3.062244081790814,
            "std": 1.5296131100945909
        },
        "1": {
            "avg": 0.7678244531526354,
            "std": 1.5296131795566745
        },
        "2": {
            "avg": 3.062244081790814,
            "std": 1.5296131100945909
        }
    }
}