{"effective_number_clusters": {"avg": 1.0, "std": 0.0}, "number_iterations": {"avg": 2807.0, "std": 292.74220741123065}, "average_pairwise_distance": {"avg": 3.5159719586133196e-07, "std": 2.1528195453836768e-07}, "average_opinions": {"avg": 0.01000018426350661, "std": 1.1486309982768494e-07}, "std_opinions": {"avg": 1.026923758711764e-06, "std": 2.1543050873887177e-07}, "lobbyists_performance": {"0": {"avg": 4.503199218585764, "std": 1.136797251490839e-05}, "1": {"avg": 5.795124879272305e-11, "std": 2.3671719337426744e-11}}}