{"effective_number_clusters": [1.0, 1.0, 1.0], "number_iterations": [2393, 3014, 3014], "average_pairwise_distance": [6.797781436758963e-08, 3.97544929839003e-07, 5.892688433774033e-07], "average_opinions": [0.010000033991713961, 0.010000205975730243, 0.010000312823075624], "std_opinions": [7.43807236568543e-07, 1.0710180145795102e-06, 1.265946024987239e-06], "lobbyists_performance": {"0": [4.503214091036832, 4.503197069500105, 4.503186495220354], "1": [2.7969527297129228e-11, 6.004452345996438e-11, 8.583969562107552e-11]}}