{"effective_number_clusters": {"avg": 1.0628822269129452, "std": 0.1821714301741755}, "number_iterations": {"avg": 275.71, "std": 160.1854110086184}, "average_pairwise_distance": {"avg": 0.04069839125038308, "std": 0.10247116487384499}, "mean_opinion_distrib": {"avg": 0.4771071897513, "std": 0.4686934944963665}, "variance_opinion_distrib": {"avg": 0.019902289074586032, "std": 0.05011044819911457}, "lobbyists_performance": null}