{"effective_number_clusters": {"avg": 1.0628822269129452, "std": 0.1821714301741755}, "number_iterations": {"avg": 275.71, "std": 160.1854110086184}, "average_pairwise_distance": {"avg": 0.041528970663656246, "std": 0.1045624131365768}, "mean_opinion_distrib": {"avg": 0.5233600104578572, "std": 0.4782586678534352}, "variance_opinion_distrib": {"avg": 0.02072291657078929, "std": 0.05217664327271404}, "lobbyists_performance": null}