{"effective_number_clusters": {"avg": 1.0, "std": 0.0}, "number_iterations": {"avg": 9.666666666666666, "std": 1.699673171197595}, "average_pairwise_distance": {"avg": 2.387684648899712e-08, "std": 1.7099643055948233e-08}, "average_opinions": {"avg": 0.3366666764733332, "std": 0.46197642115419135}, "std_opinions": {"avg": 2.15546975821103e-07, "std": 1.504589741135694e-07}, "lobbyists_performance": {"0": {"avg": 3.002143891628846, "std": 2.1228363038685574}, "1": {"avg": 1.5010723776779107, "std": 2.1228369146083605}}}