{"effective_number_clusters": [1.0, 1.0, 1.0], "number_iterations": [9, 8, 12], "average_pairwise_distance": [4.710368990716312e-08, 6.43401678404893e-09, 1.8092832775779313e-08], "average_opinions": [0.010000023607356289, 0.9899999967661754, 0.010000009046467813], "std_opinions": [4.062507599171564e-07, 3.8458284315634795e-08, 2.019318832305178e-07], "lobbyists_performance": {"0": [4.503215117061312, 7.522772463181796e-14, 4.5032165578251515], "1": [8.358652115471297e-12, 4.50321713302331, 2.0629401125594477e-12]}}