{"effective_number_clusters": {"avg": 443.2624113475178, "std": 5.684341886080802e-14}, "number_iterations": {"avg": 0.0, "std": 0.0}, "average_pairwise_distance": {"avg": 0.33596136981888497, "std": 0.0}, "average_opinions": {"avg": 0.4918884221627744, "std": 0.0}, "std_opinions": {"avg": 0.2905995267795922, "std": 0.0}, "lobbyists_performance": {"0": {"avg": 0.9372172983976017, "std": 0.0}, "1": {"avg": 0.9207638726968659, "std": 0.0}}}