{"effective_number_clusters": [443.26241134751774, 443.26241134751774, 443.26241134751774], "number_iterations": [0, 0, 0], "average_pairwise_distance": [0.33596136981888497, 0.33596136981888497, 0.33596136981888497], "average_opinions": [0.4918884221627744, 0.4918884221627744, 0.4918884221627744], "std_opinions": [0.2905995267795922, 0.2905995267795922, 0.2905995267795922], "lobbyists_performance": {"0": [0.9372172983976017, 0.9372172983976017, 0.9372172983976017], "1": [0.9207638726968659, 0.9207638726968659, 0.9207638726968659]}}