{
    "effective_number_clusters": {
        "avg": 1.0,
        "std": 0.0
    },
    "number_iterations": {
        "avg": 7.74,
        "std": 1.016070863670443
    },
    "average_pairwise_distance": {
        "avg": 8.393709055057858e-09,
        "std": 1.5772673895965108e-08
    },
    "mean_opinion_distrib": {
        "avg": 0.44000000171527825,
        "std": 0.496386941779999
    },
    "variance_opinion_distrib": {
        "avg": 1.413175032820395e-14,
        "std": 5.157732895957967e-14
    },
    "lobbyists_performance": {
        "0": {
            "avg": 1.9814155571260732,
            "std": 2.2353382200921668
        }
    }
}