{
    "effective_number_clusters": {
        "avg": 1.1642113678549313,
        "std": 0.27065350059772564
    },
    "number_iterations": {
        "avg": 98.16,
        "std": 122.11058266997173
    },
    "average_pairwise_distance": {
        "avg": 0.10615751310332883,
        "std": 0.15332975937053378
    },
    "mean_opinion_distrib": {
        "avg": 0.5662200002492128,
        "std": 0.4389103695709337
    },
    "variance_opinion_distrib": {
        "avg": 0.052972594957660164,
        "std": 0.07651154898123853
    },
    "lobbyists_performance": null
}