{
    "effective_number_clusters": {
        "avg": 1.0,
        "std": 0.0
    },
    "number_iterations": {
        "avg": 8.0,
        "std": 1.0954451150103321
    },
    "average_pairwise_distance": {
        "avg": 3.587516421210903e-09,
        "std": 3.496642516282756e-09
    },
    "mean_opinion_distrib": {
        "avg": 0.20600000040771174,
        "std": 0.3919999980461386
    },
    "variance_opinion_distrib": {
        "avg": 1.1830443610633387e-15,
        "std": 1.846124220247604e-15
    },
    "lobbyists_performance": {
        "0": {
            "avg": 0.767824465531126,
            "std": 1.5296132114926704
        },
        "1": {
            "avg": 3.0622443658835015,
            "std": 1.529613252525952
        },
        "2": {
            "avg": 0.767824465531126,
            "std": 1.5296132114926704
        }
    }
}