{
    "effective_number_clusters": {
        "avg": 1.0,
        "std": 0.0
    },
    "number_iterations": {
        "avg": 5.15,
        "std": 0.49749371855331
    },
    "average_pairwise_distance": {
        "avg": 1.5533038125246768e-08,
        "std": 1.997004164199634e-08
    },
    "mean_opinion_distrib": {
        "avg": 0.40199999795320757,
        "std": 0.48009998088639877
    },
    "variance_opinion_distrib": {
        "avg": 1.8874093311347178e-14,
        "std": 3.78143867559975e-14
    },
    "lobbyists_performance": {
        "0": {
            "avg": 1.53263089208437,
            "std": 1.8733857142975434
        }
    }
}