{
    "effective_number_clusters": {
        "avg": 1.0,
        "std": 0.0
    },
    "number_iterations": {
        "avg": 5.15,
        "std": 0.49749371855331
    },
    "average_pairwise_distance": {
        "avg": 1.5850038903976036e-08,
        "std": 2.0377593511962438e-08
    },
    "mean_opinion_distrib": {
        "avg": 0.6000000020885637,
        "std": 0.48989793967999873
    },
    "variance_opinion_distrib": {
        "avg": 1.9652325397179483e-14,
        "std": 3.937358054568141e-14
    },
    "lobbyists_performance": {
        "0": {
            "avg": 2.7019301715966177,
            "std": 2.2061167470125596
        }
    }
}