{
    "effective_number_clusters": {
        "avg": 1.1330580215334793,
        "std": 0.2495937425725213
    },
    "number_iterations": {
        "avg": 89.86,
        "std": 107.78265352087041
    },
    "average_pairwise_distance": {
        "avg": 0.08698653061501771,
        "std": 0.14128872717890473
    },
    "mean_opinion_distrib": {
        "avg": 0.5292600009464766,
        "std": 0.4535830393169118
    },
    "variance_opinion_distrib": {
        "avg": 0.043406274856798065,
        "std": 0.07050307335529016
    },
    "lobbyists_performance": null
}