{
    "effective_number_clusters": {
        "avg": 1.1481034014217295,
        "std": 0.2824038080762801
    },
    "number_iterations": {
        "avg": 129.14,
        "std": 206.3835274434469
    },
    "average_pairwise_distance": {
        "avg": 0.09136697841020144,
        "std": 0.1559911841465231
    },
    "mean_opinion_distrib": {
        "avg": 0.628139997783424,
        "std": 0.43357585118577113
    },
    "variance_opinion_distrib": {
        "avg": 0.04559211772892225,
        "std": 0.07783960007920335
    },
    "lobbyists_performance": {
        "0": {
            "avg": 2.828650684929556,
            "std": 1.952486214044523
        }
    }
}