{"effective_number_clusters": {"avg": 1.0053759944505865, "std": 0.007602804263261751}, "number_iterations": {"avg": 2021.0, "std": 1401.4865916827985}, "average_pairwise_distance": {"avg": 0.005195406311305213, "std": 0.007347156228764038}, "average_opinions": {"avg": 0.6607199545803452, "std": 0.4601395848902717}, "std_opinions": {"avg": 0.02910144426179406, "std": 0.04115438917284256}, "lobbyists_performance": {"0": {"avg": 1.5130792317980795, "std": 2.1143942778500313}, "1": {"avg": 2.99013006233678, "std": 2.114392377224748}}}