{"effective_number_clusters": [1.0, 1.0161279833517591, 1.0], "number_iterations": [3014, 3010, 39], "average_pairwise_distance": [2.5541215286335607e-07, 0.015585854294554493, 1.0922720828340165e-07], "average_opinions": [0.9899998708896847, 0.9821599372903167, 0.010000055561034229], "std_opinions": [1.0800500289674048e-06, 0.08730253958082299, 7.131545302234956e-07], "lobbyists_performance": {"0": [5.971744642176818e-11, 0.03602573965296274, 4.503211955681558], "1": [4.503204678367692, 4.467185508616824, 2.58222845371694e-11]}}