{"effective_number_clusters": {"avg": 1.0, "std": 0.0}, "number_iterations": {"avg": 6.666666666666667, "std": 1.247219128924647}, "average_pairwise_distance": {"avg": 1.9490894552122847e-08, "std": 2.1486722476648703e-08}, "mean_opinion_distrib": {"avg": 0.6633333255540866, "std": 0.46197642270207634}, "variance_opinion_distrib": {"avg": 3.5494024270355447e-14, "std": 4.8829630106766526e-14}, "lobbyists_performance": {"0": {"avg": 1.5010723830095756, "std": 2.1228369221520818}, "1": {"avg": 3.0021440974891505, "std": 2.122836449433898}}}