{"effective_number_clusters": {"avg": 1.0, "std": 0.0}, "number_iterations": {"avg": 6.666666666666667, "std": 1.247219128924647}, "average_pairwise_distance": {"avg": 1.9490894552122844e-08, "std": 2.148672247664868e-08}, "average_opinions": {"avg": 0.6633333255540866, "std": 0.46197642270207634}, "std_opinions": {"avg": 1.262407397271844e-07, "std": 1.398474165063078e-07}, "lobbyists_performance": {"0": {"avg": 1.5010723830095756, "std": 2.1228369221520818}, "1": {"avg": 3.0021440974891505, "std": 2.122836449433898}}}