{"effective_number_clusters": [1.0, 1.0, 1.0], "number_iterations": [7, 5, 8], "average_pairwise_distance": [4.982256685229854e-08, 5.909705299247613e-09, 2.7404115048223866e-09], "average_opinions": [0.9899999749709445, 0.010000003072204706, 0.9899999986191109], "std_opinions": [3.2333196410095357e-07, 4.1916126498514005e-08, 1.3474128582085655e-08], "lobbyists_performance": {"0": [5.3098114512058896e-12, 4.503217149023408, 9.275871667760329e-15], "1": [4.5032149760286355, 8.919747803017177e-14, 4.503217316438727]}}