{
    "effective_number_clusters": {
        "avg": 4.986436891654699,
        "std": 0.0
    },
    "number_iterations": {
        "avg": 0.0,
        "std": 0.0
    },
    "average_pairwise_distance": {
        "avg": 0.3428177243049846,
        "std": 1.1102230246251565e-16
    },
    "mean_opinion_distrib": {
        "avg": 0.508277120242067,
        "std": 0.0
    },
    "variance_opinion_distrib": {
        "avg": 0.08793011762236878,
        "std": 2.7755575615628914e-17
    },
    "lobbyists_performance": {
        "0": {
            "avg": 0.9372172983976018,
            "std": 1.1102230246251565e-16
        },
        "1": {
            "avg": 0.9207638726968662,
            "std": 3.3306690738754696e-16
        }
    }
}