{"effective_number_clusters": {"avg": 1.0, "std": 0.0}, "number_iterations": {"avg": 4.64, "std": 0.52}, "average_pairwise_distance": {"avg": 4.750179765114131e-08, "std": 5.3159932815978164e-08}, "mean_opinion_distrib": {"avg": 0.460799975364797, "std": 0.48842945284012396}, "variance_opinion_distrib": {"avg": 4.2160989361343e-14, "std": 6.700955515710099e-14}, "lobbyists_performance": null}