{
    "effective_number_clusters": {
        "avg": 1.0159479293884208,
        "std": 0.10521277902892745
    },
    "number_iterations": {
        "avg": 190.7,
        "std": 155.83635647691457
    },
    "average_pairwise_distance": {
        "avg": 0.009488731873010572,
        "std": 0.05764414656786622
    },
    "mean_opinion_distrib": {
        "avg": 0.43247800530237157,
        "std": 0.4805211758893507
    },
    "variance_opinion_distrib": {
        "avg": 0.004640148803979434,
        "std": 0.028189140019754817
    },
    "lobbyists_performance": {
        "0": {
            "avg": 1.6515579376250142,
            "std": 1.8750288995227282
        },
        "1": {
            "avg": 2.1785094504190927,
            "std": 1.8750290301474228
        }
    }
}