{
    "effective_number_clusters": {
        "avg": 1.2011213880160252,
        "std": 0.312235899530747
    },
    "number_iterations": {
        "avg": 81.06,
        "std": 81.66000489835889
    },
    "average_pairwise_distance": {
        "avg": 0.12383951921104451,
        "std": 0.17154196194592788
    },
    "mean_opinion_distrib": {
        "avg": 0.5585999986032241,
        "std": 0.42984895028843617
    },
    "variance_opinion_distrib": {
        "avg": 0.06179591494305945,
        "std": 0.08559943813413354
    },
    "lobbyists_performance": {
        "0": {
            "avg": 2.515496951515004,
            "std": 1.9357032769010374
        }
    }
}