{
    "effective_number_clusters": {
        "avg": 4.986436891654699,
        "std": 0.0
    },
    "number_iterations": {
        "avg": 0.0,
        "std": 0.0
    },
    "average_pairwise_distance": {
        "avg": 0.3428177243049845,
        "std": 0.0
    },
    "mean_opinion_distrib": {
        "avg": 0.5082771202420668,
        "std": 1.1102230246251565e-16
    },
    "variance_opinion_distrib": {
        "avg": 0.08793011762236877,
        "std": 1.3877787807814457e-17
    },
    "lobbyists_performance": {
        "0": {
            "avg": 0.9372172983976018,
            "std": 1.1102230246251565e-16
        },
        "1": {
            "avg": 0.9207638726968661,
            "std": 2.220446049250313e-16
        },
        "2": {
            "avg": 0.9372172983976018,
            "std": 1.1102230246251565e-16
        }
    }
}