{"effective_number_clusters": {"avg": 1.191227074580718, "std": 0.2115919954182597}, "number_iterations": {"avg": 623.0, "std": 603.6328906435324}, "average_pairwise_distance": {"avg": 0.13341617002885936, "std": 0.13666504109787098}, "average_opinions": {"avg": 0.09101333688249547, "std": 0.08710185942251274}, "std_opinions": {"avg": 0.19763974722980707, "std": 0.16180760480790743}, "lobbyists_performance": {"0": {"avg": 4.1309510580782804, "std": 0.4002438644813239}, "1": {"avg": 0.37226590844022805, "std": 0.4002434932429533}}}