{"effective_number_clusters": [1.4861667597997836, 1.0875144639423704, 1.0], "number_iterations": [85, 318, 1466], "average_pairwise_distance": [0.3212279079221402, 0.07902059745611784, 4.708320074889305e-09], "average_opinions": [0.21188001032970655, 0.05115999796361979, 0.010000002354160039], "std_opinions": [0.39634184916542375, 0.19657733993604573, 5.258795177099791e-08], "lobbyists_performance": {"0": [3.5755536340268246, 4.314082320100464, 4.50321722010755], "1": [0.9276627938598139, 0.18913493146073052, 1.3994041745621162e-13]}}