{
    "effective_number_clusters": {
        "avg": 1.0,
        "std": 0.0
    },
    "number_iterations": {
        "avg": 6.0,
        "std": 0.7745966692414834
    },
    "average_pairwise_distance": {
        "avg": 1.5908413235676325e-08,
        "std": 2.196635070286601e-08
    },
    "mean_opinion_distrib": {
        "avg": 0.20000000601936815,
        "std": 0.3999999944104849
    },
    "variance_opinion_distrib": {
        "avg": 1.891763694345927e-14,
        "std": 3.672510801547258e-14
    },
    "lobbyists_performance": {
        "0": {
            "avg": 0.9006433905221483,
            "std": 1.8012867810420592
        },
        "1": {
            "avg": 3.6025732785462337,
            "std": 1.8012866392733615
        },
        "2": {
            "avg": 0.9006433905221483,
            "std": 1.8012867810420592
        }
    }
}