{
    "effective_number_clusters": {
        "avg": 1.0,
        "std": 0.0
    },
    "number_iterations": {
        "avg": 24.91,
        "std": 0.6339558344238184
    },
    "average_pairwise_distance": {
        "avg": 2.008281242974803e-06,
        "std": 7.038323938905304e-07
    },
    "mean_opinion_distrib": {
        "avg": 0.4313996868940596,
        "std": 0.48517129886843985
    },
    "variance_opinion_distrib": {
        "avg": 3.894544638771351e-12,
        "std": 2.5552368976161597e-12
    },
    "lobbyists_performance": null
}