{
    "effective_number_clusters": {
        "avg": 1.1642113678549313,
        "std": 0.27065350059772564
    },
    "number_iterations": {
        "avg": 98.16,
        "std": 122.11058266997173
    },
    "average_pairwise_distance": {
        "avg": 0.10403436284126227,
        "std": 0.1502631641831231
    },
    "mean_opinion_distrib": {
        "avg": 0.43510439975577164,
        "std": 0.43013216217951505
    },
    "variance_opinion_distrib": {
        "avg": 0.05087488019733681,
        "std": 0.07348169164158148
    },
    "lobbyists_performance": null
}