{
    "effective_number_clusters": {
        "avg": 1.0,
        "std": 0.0
    },
    "number_iterations": {
        "avg": 7.91,
        "std": 1.0963119993870358
    },
    "average_pairwise_distance": {
        "avg": 1.3410546163135848e-08,
        "std": 1.9920469828743656e-08
    },
    "mean_opinion_distrib": {
        "avg": 0.43140000243799465,
        "std": 0.4851742302644239
    },
    "variance_opinion_distrib": {
        "avg": 2.4222864190448326e-14,
        "std": 5.3289046812012497e-14
    },
    "lobbyists_performance": {
        "0": {
            "avg": 1.647352031968556,
            "std": 1.8931859879850506
        },
        "1": {
            "avg": 2.1827165594603293,
            "std": 1.8931859149182333
        }
    }
}