{
    "effective_number_clusters": {
        "avg": 1.0,
        "std": 0.0
    },
    "number_iterations": {
        "avg": 7.91,
        "std": 1.0963119993870358
    },
    "average_pairwise_distance": {
        "avg": 1.3684230779849673e-08,
        "std": 2.032701002959353e-08
    },
    "mean_opinion_distrib": {
        "avg": 0.5699999975122503,
        "std": 0.4950757451677795
    },
    "variance_opinion_distrib": {
        "avg": 2.5221641181298156e-14,
        "std": 5.5486304469192506e-14
    },
    "lobbyists_performance": {
        "0": {
            "avg": 2.5668334932678905,
            "std": 2.229433370828046
        },
        "1": {
            "avg": 1.9363832911154397,
            "std": 2.229433519956819
        }
    }
}