{
    "effective_number_clusters": {
        "avg": 1.0,
        "std": 0.0
    },
    "number_iterations": {
        "avg": 18.89,
        "std": 5.7059530317029425
    },
    "average_pairwise_distance": {
        "avg": 1.722980499685331e-07,
        "std": 1.4484764182645642e-07
    },
    "mean_opinion_distrib": {
        "avg": 0.4804000926057572,
        "std": 0.48960772237871053
    },
    "variance_opinion_distrib": {
        "avg": 2.0966869203325763e-13,
        "std": 1.612172798750737e-13
    },
    "lobbyists_performance": {
        "0": {
            "avg": 1.8385530728608226,
            "std": 1.9104855152276694
        }
    }
}