{
    "effective_number_clusters": {
        "avg": 1.0,
        "std": 0.0
    },
    "number_iterations": {
        "avg": 18.89,
        "std": 5.7059530317029425
    },
    "average_pairwise_distance": {
        "avg": 1.7581433670313085e-07,
        "std": 1.478037161488145e-07
    },
    "mean_opinion_distrib": {
        "avg": 0.5199999055043293,
        "std": 0.4995997167129699
    },
    "variance_opinion_distrib": {
        "avg": 2.1831392340002128e-13,
        "std": 1.6786472290225667e-13
    },
    "lobbyists_performance": {
        "0": {
            "avg": 2.3416623405260997,
            "std": 2.2497964045584395
        }
    }
}