{
    "effective_number_clusters": {
        "avg": 1.0,
        "std": 0.0
    },
    "number_iterations": {
        "avg": 49.87,
        "std": 6.077260896160374
    },
    "average_pairwise_distance": {
        "avg": 8.659070947996751e-08,
        "std": 3.5421291713017876e-08
    },
    "mean_opinion_distrib": {
        "avg": 0.4706000048449499,
        "std": 0.4891171614290707
    },
    "variance_opinion_distrib": {
        "avg": 4.755009908786855e-13,
        "std": 2.4095527463299107e-13
    },
    "lobbyists_performance": {
        "0": {
            "avg": 1.8003125276321972,
            "std": 1.9085708496811347
        },
        "1": {
            "avg": 2.0297542799956823,
            "std": 1.9085707412800061
        }
    }
}