{"effective_number_clusters": {"avg": 1.0, "std": 0.0}, "number_iterations": {"avg": 6.69, "std": 0.6884039511798287}, "average_pairwise_distance": {"avg": 9.949939472250266e-09, "std": 9.976370378697475e-09}, "mean_opinion_distrib": {"avg": 0.5195999957407094, "std": 0.489607837957605}, "variance_opinion_distrib": {"avg": 5.379146294791889e-15, "std": 1.8661236935844335e-14}, "lobbyists_performance": null}