{
    "effective_number_clusters": {
        "avg": 1.0,
        "std": 0.0
    },
    "number_iterations": {
        "avg": 5.34,
        "std": 0.5517245689653488
    },
    "average_pairwise_distance": {
        "avg": 2.1680918856951327e-08,
        "std": 2.862727205576151e-08
    },
    "mean_opinion_distrib": {
        "avg": 0.529399999307211,
        "std": 0.4891171935841045
    },
    "variance_opinion_distrib": {
        "avg": 2.8135855665445168e-14,
        "std": 5.6513242504770694e-14
    },
    "lobbyists_performance": {
        "0": {
            "avg": 2.029755166743341,
            "std": 1.9085715903093183
        },
        "1": {
            "avg": 1.800313208969857,
            "std": 1.9085715913026626
        }
    }
}