{
    "effective_number_clusters": {
        "avg": 1.0,
        "std": 0.0
    },
    "number_iterations": {
        "avg": 5.34,
        "std": 0.5517245689653488
    },
    "average_pairwise_distance": {
        "avg": 2.212338658987118e-08,
        "std": 2.9211502097280007e-08
    },
    "mean_opinion_distrib": {
        "avg": 0.47000000070692755,
        "std": 0.49909917712663726
    },
    "variance_opinion_distrib": {
        "avg": 2.929597632810678e-14,
        "std": 5.88434428413194e-14
    },
    "lobbyists_performance": {
        "0": {
            "avg": 2.116511682722771,
            "std": 2.2475516242105398
        },
        "1": {
            "avg": 2.3867046613449525,
            "std": 2.247551622185565
        }
    }
}