{"effective_number_clusters": {"avg": 1.0, "std": 0.0}, "number_iterations": {"avg": 24.91, "std": 0.6339558344238184}, "average_pairwise_distance": {"avg": 2.0492665744630302e-06, "std": 7.181963202954968e-07}, "mean_opinion_distrib": {"avg": 0.5700003194958575, "std": 0.4950727539473876}, "variance_opinion_distrib": {"avg": 4.0551276955108975e-12, "std": 2.6605965197978407e-12}, "lobbyists_performance": null}