{
    "effective_number_clusters": {
        "avg": 1.112730989629382,
        "std": 0.2514702329527001
    },
    "number_iterations": {
        "avg": 160.03,
        "std": 338.5900310109557
    },
    "average_pairwise_distance": {
        "avg": 0.06847957510654248,
        "std": 0.13889008628837257
    },
    "mean_opinion_distrib": {
        "avg": 0.363603601636404,
        "std": 0.433599055218119
    },
    "variance_opinion_distrib": {
        "avg": 0.03348787806045541,
        "std": 0.06792002899764563
    },
    "lobbyists_performance": {
        "0": {
            "avg": 1.3828054659328435,
            "std": 1.6919358754877447
        }
    }
}