{
    "effective_number_clusters": {
        "avg": 1.1752496917170345,
        "std": 0.2802702639238188
    },
    "number_iterations": {
        "avg": 101.45,
        "std": 118.57658917341146
    },
    "average_pairwise_distance": {
        "avg": 0.11005435218445733,
        "std": 0.15437638494117467
    },
    "mean_opinion_distrib": {
        "avg": 0.37195319913206487,
        "std": 0.41217136905343815
    },
    "variance_opinion_distrib": {
        "avg": 0.0538187743358048,
        "std": 0.07549313880181993
    },
    "lobbyists_performance": {
        "0": {
            "avg": 1.4153861367329068,
            "std": 1.6083234648396139
        },
        "1": {
            "avg": 2.41468253572638,
            "std": 1.6083234940610869
        }
    }
}