{
    "effective_number_clusters": {
        "avg": 1.1615906383437977,
        "std": 0.2932236717170106
    },
    "number_iterations": {
        "avg": 121.7,
        "std": 89.32866281323145
    },
    "average_pairwise_distance": {
        "avg": 0.09986966452590923,
        "std": 0.14806807173328226
    },
    "mean_opinion_distrib": {
        "avg": 0.36319200390502127,
        "std": 0.4153857350034574
    },
    "variance_opinion_distrib": {
        "avg": 0.04883825830108606,
        "std": 0.07240825085603589
    },
    "lobbyists_performance": {
        "0": {
            "avg": 1.3811993961447369,
            "std": 1.6208661377546907
        },
        "1": {
            "avg": 2.448869272618582,
            "std": 1.6208661176818995
        },
        "2": {
            "avg": 1.3811993961447369,
            "std": 1.6208661377546907
        }
    }
}