{
    "effective_number_clusters": {
        "avg": 1.1615906383437977,
        "std": 0.2932236717170106
    },
    "number_iterations": {
        "avg": 121.7,
        "std": 89.32866281323145
    },
    "average_pairwise_distance": {
        "avg": 0.10190782094480569,
        "std": 0.15108986911559497
    },
    "mean_opinion_distrib": {
        "avg": 0.6395999960152844,
        "std": 0.42386299490148704
    },
    "variance_opinion_distrib": {
        "avg": 0.050851997398048784,
        "std": 0.07539384720536847
    },
    "lobbyists_performance": {
        "0": {
            "avg": 2.8802574343567064,
            "std": 1.9087471353267733
        },
        "1": {
            "avg": 1.6229595078868821,
            "std": 1.90874717626982
        },
        "2": {
            "avg": 2.8802574343567064,
            "std": 1.9087471353267733
        }
    }
}