{"effective_number_clusters": {"avg": 1.1685474666285172, "std": 0.3016655235453088}, "number_iterations": {"avg": 100.32, "std": 122.55267275747192}, "average_pairwise_distance": {"avg": 0.10079277987869027, "std": 0.1600056782608503}, "mean_opinion_distrib": {"avg": 0.47732279894590846, "std": 0.4362293654979427}, "variance_opinion_distrib": {"avg": 0.049289680698636956, "std": 0.07824597635898832}, "lobbyists_performance": null}