{"effective_number_clusters": {"avg": 1.1685474666285172, "std": 0.3016655235453088}, "number_iterations": {"avg": 100.32, "std": 122.55267275747192}, "average_pairwise_distance": {"avg": 0.10284977538641864, "std": 0.1632711002661739}, "mean_opinion_distrib": {"avg": 0.5231400010756037, "std": 0.44513200561014554}, "variance_opinion_distrib": {"avg": 0.05132203321390771, "std": 0.08147227859119982}, "lobbyists_performance": null}