{
    "effective_number_clusters": {
        "avg": 1.0,
        "std": 0.0
    },
    "number_iterations": {
        "avg": 6.69,
        "std": 0.6884039511798287
    },
    "average_pairwise_distance": {
        "avg": 1.015299946205498e-08,
        "std": 1.0179969773926223e-08
    },
    "mean_opinion_distrib": {
        "avg": 0.4800000043462149,
        "std": 0.4995998346506173
    },
    "variance_opinion_distrib": {
        "avg": 5.6009436638312615e-15,
        "std": 1.943069235295306e-14
    },
    "lobbyists_performance": null
}