{"effective_number_clusters": {"avg": 1.0383822114521106, "std": 0.027358501360425808}, "number_iterations": {"avg": 240.0, "std": 172.75994906227544}, "average_pairwise_distance": {"avg": 0.035628269182814844, "std": 0.025374246966336778}, "average_opinions": {"avg": 0.028293332964504574, "std": 0.013033958458564424}, "std_opinions": {"avg": 0.10770930623938955, "std": 0.07629966699605885}, "lobbyists_performance": {"0": {"avg": 4.419157292725159, "std": 0.059892661481317666}, "1": {"avg": 0.08405992134447528, "std": 0.059892486614795}}}