{"effective_number_clusters": [1.0617965597791463, 1.0533500745771853, 1.0], "number_iterations": [25, 247, 448], "average_pairwise_distance": [0.05715029676606068, 0.04973451016916211, 6.132217447024634e-10], "average_opinions": [0.039399997979702124, 0.035480000607200725, 0.010000000306610872], "std_opinions": [0.16717545254547084, 0.15595245932352975, 6.849168073200402e-09], "lobbyists_performance": {"0": [4.368120716150086, 4.386133739244641, 4.503217422780752], "1": [0.135096110251987, 0.11708365378143648, 2.3738345702127583e-15]}}