{
    "effective_number_clusters": {
        "avg": 1.0228700704930789,
        "std": 0.03762551609842728
    },
    "number_iterations": {
        "avg": 113.5,
        "std": 62.28844194551667
    },
    "average_pairwise_distance": {
        "avg": 0.020743006955891687,
        "std": 0.032981415425821975
    },
    "mean_opinion_distrib": {
        "avg": 0.5872200015358768,
        "std": 0.4715388913504341
    },
    "variance_opinion_distrib": {
        "avg": 0.010143739605633181,
        "std": 0.016128569152556074
    },
    "lobbyists_performance": {
        "0": {
            "avg": 2.2553733121345423,
            "std": 1.8399798928738673
        },
        "1": {
            "avg": 1.5746953263728418,
            "std": 1.8399800253344654
        },
        "2": {
            "avg": 2.2553733121345423,
            "std": 1.8399798928738673
        }
    }
}