{
    "effective_number_clusters": {
        "avg": 1.0228700704930789,
        "std": 0.03762551609842728
    },
    "number_iterations": {
        "avg": 113.5,
        "std": 62.28844194551667
    },
    "average_pairwise_distance": {
        "avg": 0.02116633362846105,
        "std": 0.033654505536553435
    },
    "mean_opinion_distrib": {
        "avg": 0.41099999843277885,
        "std": 0.4811621340310552
    },
    "variance_opinion_distrib": {
        "avg": 0.01056199459145479,
        "std": 0.016793595535772664
    },
    "lobbyists_performance": {
        "0": {
            "avg": 1.8508220108903797,
            "std": 2.166777819523861
        },
        "1": {
            "avg": 2.6523948695944504,
            "std": 2.166777549179196
        },
        "2": {
            "avg": 1.8508220108903797,
            "std": 2.166777819523861
        }
    }
}