{
    "effective_number_clusters": {
        "avg": 1.0,
        "std": 0.0
    },
    "number_iterations": {
        "avg": 4.64,
        "std": 0.52
    },
    "average_pairwise_distance": {
        "avg": 4.8471222093558345e-08,
        "std": 5.4244829404869e-08
    },
    "mean_opinion_distrib": {
        "avg": 0.5400000251379621,
        "std": 0.4983974008572693
    },
    "variance_opinion_distrib": {
        "avg": 4.3899405832597595e-14,
        "std": 6.977254806050058e-14
    },
    "lobbyists_performance": null
}