{"effective_number_clusters": {"avg": 1.0, "std": 0.0}, "number_iterations": {"avg": 13.27, "std": 1.2071039723238426}, "average_pairwise_distance": {"avg": 4.830309670595866e-07, "std": 2.815200518718674e-07}, "mean_opinion_distrib": {"avg": 0.6200000502279639, "std": 0.48538605061666074}, "variance_opinion_distrib": {"avg": 5.439641283105814e-13, "std": 4.909602272366476e-13}, "lobbyists_performance": null}