{
    "effective_number_clusters": {
        "avg": 1.0,
        "std": 0.0
    },
    "number_iterations": {
        "avg": 37.55,
        "std": 13.007978321015147
    },
    "average_pairwise_distance": {
        "avg": 9.418259145462433e-07,
        "std": 9.66351863499658e-07
    },
    "mean_opinion_distrib": {
        "avg": 0.5098010199014195,
        "std": 0.48990089703770984
    },
    "variance_opinion_distrib": {
        "avg": 1.9729107658931114e-12,
        "std": 2.200041080478335e-12
    },
    "lobbyists_performance": {
        "0": {
            "avg": 1.9532740201859198,
            "std": 1.9116323670264384
        }
    }
}