{
    "effective_number_clusters": {
        "avg": 1.0,
        "std": 0.0
    },
    "number_iterations": {
        "avg": 37.55,
        "std": 13.007978321015147
    },
    "average_pairwise_distance": {
        "avg": 9.61046851578695e-07,
        "std": 9.860733301009176e-07
    },
    "mean_opinion_distrib": {
        "avg": 0.4899989592842659,
        "std": 0.4998988745282753
    },
    "variance_opinion_distrib": {
        "avg": 2.0542594397056176e-12,
        "std": 2.2907549775909564e-12
    },
    "lobbyists_performance": {
        "0": {
            "avg": 2.2064730076921366,
            "std": 2.2510527241367986
        }
    }
}