{
    "effective_number_clusters": {
        "avg": 1.0,
        "std": 0.0
    },
    "number_iterations": {
        "avg": 27.6,
        "std": 5.219195340279955
    },
    "average_pairwise_distance": {
        "avg": 4.8190140059416776e-08,
        "std": 3.1162294603473824e-08
    },
    "mean_opinion_distrib": {
        "avg": 0.5980000032272526,
        "std": 0.48009996407012495
    },
    "variance_opinion_distrib": {
        "avg": 1.6254239436982066e-13,
        "std": 1.345124911311657e-13
    },
    "lobbyists_performance": {
        "0": {
            "avg": 2.2974372690291998,
            "std": 1.8733855894891691
        },
        "1": {
            "avg": 1.5326304691786283,
            "std": 1.873385188738118
        },
        "2": {
            "avg": 2.2974372690291998,
            "std": 1.8733855894891691
        }
    }
}