{
    "effective_number_clusters": {
        "avg": 1.0,
        "std": 0.0
    },
    "number_iterations": {
        "avg": 27.6,
        "std": 5.219195340279955
    },
    "average_pairwise_distance": {
        "avg": 4.9173612307050095e-08,
        "std": 3.179825979982999e-08
    },
    "mean_opinion_distrib": {
        "avg": 0.3999999967068853,
        "std": 0.4898979225205356
    },
    "variance_opinion_distrib": {
        "avg": 1.6924447560408638e-13,
        "std": 1.4005882041977777e-13
    },
    "lobbyists_performance": {
        "0": {
            "avg": 1.8012856165598041,
            "std": 2.2061153207860524
        },
        "1": {
            "avg": 2.7019294265477973,
            "std": 2.2061161386748718
        },
        "2": {
            "avg": 1.8012856165598041,
            "std": 2.2061153207860524
        }
    }
}