{
    "effective_number_clusters": {
        "avg": 1.0,
        "std": 0.0
    },
    "number_iterations": {
        "avg": 58.0,
        "std": 14.886235252742717
    },
    "average_pairwise_distance": {
        "avg": 8.513659129852659e-08,
        "std": 5.2246805201235876e-08
    },
    "mean_opinion_distrib": {
        "avg": 0.40200001036281774,
        "std": 0.4800999478682124
    },
    "variance_opinion_distrib": {
        "avg": 4.3528476061205064e-13,
        "std": 2.2347635248299815e-13
    },
    "lobbyists_performance": {
        "0": {
            "avg": 1.532630354699529,
            "std": 1.8733850322714274
        },
        "1": {
            "avg": 2.2974364821943216,
            "std": 1.8733849445129191
        },
        "2": {
            "avg": 1.532630354699529,
            "std": 1.8733850322714274
        }
    }
}