{
    "effective_number_clusters": {
        "avg": 1.0,
        "std": 0.0
    },
    "number_iterations": {
        "avg": 58.0,
        "std": 14.886235252742717
    },
    "average_pairwise_distance": {
        "avg": 8.687407275556425e-08,
        "std": 5.331306653181303e-08
    },
    "mean_opinion_distrib": {
        "avg": 0.5999999894256961,
        "std": 0.4898979059879719
    },
    "variance_opinion_distrib": {
        "avg": 4.532327786465007e-13,
        "std": 2.3269091262373097e-13
    },
    "lobbyists_performance": {
        "0": {
            "avg": 2.7019278346541653,
            "std": 2.2061148388921885
        },
        "1": {
            "avg": 1.8012853693466382,
            "std": 2.206115017992877
        },
        "2": {
            "avg": 2.7019278346541653,
            "std": 2.2061148388921885
        }
    }
}