{
    "effective_number_clusters": {
        "avg": 1.0159479293884208,
        "std": 0.10521277902892745
    },
    "number_iterations": {
        "avg": 190.7,
        "std": 155.83635647691457
    },
    "average_pairwise_distance": {
        "avg": 0.009682379462255683,
        "std": 0.05882055772231257
    },
    "mean_opinion_distrib": {
        "avg": 0.5688999945894166,
        "std": 0.4903277304993375
    },
    "variance_opinion_distrib": {
        "avg": 0.00483147522280241,
        "std": 0.029351457746516884
    },
    "lobbyists_performance": {
        "0": {
            "avg": 2.5618785848043246,
            "std": 2.2080513297957096
        },
        "1": {
            "avg": 1.9413357442360246,
            "std": 2.208051063203816
        }
    }
}