{"effective_number_clusters": {"avg": 1.0, "std": 0.0}, "number_iterations": {"avg": 18.333333333333332, "std": 1.8856180831641267}, "average_pairwise_distance": {"avg": 9.662995845823841e-09, "std": 1.2927157988750563e-08}, "average_opinions": {"avg": 0.33666666217846936, "std": 0.4619764236587041}, "std_opinions": {"avg": 8.93260431149796e-08, "std": 1.1833378069311555e-07}, "lobbyists_performance": {"0": {"avg": 3.002144951525614, "std": 2.1228370533263616}, "1": {"avg": 1.501072022969889, "std": 2.122836412982833}}}