{"effective_number_clusters": [1.0, 1.0, 1.0], "number_iterations": [17, 21, 17], "average_pairwise_distance": [5.221147705084668e-10, 2.794475799645459e-08, 5.221147705084668e-10], "average_opinions": [0.010000000261090311, 0.9899999860132275, 0.010000000261090311], "std_opinions": [5.651424343435866e-09, 2.566752806580671e-07, 5.651424343435866e-09], "lobbyists_performance": {"0": [4.503217427286753, 3.336049052156892e-12, 4.503217427286753], "1": [1.616717365193702e-15, 4.503216068909664, 1.616717365193702e-15]}}