{
    "effective_number_clusters": {
        "avg": 1.1717269238255053,
        "std": 0.2624796499742455
    },
    "number_iterations": {
        "avg": 109.18,
        "std": 123.8388775788928
    },
    "average_pairwise_distance": {
        "avg": 0.1117342951358773,
        "std": 0.14588351410291492
    },
    "mean_opinion_distrib": {
        "avg": 0.479341600183154,
        "std": 0.430154536762859
    },
    "variance_opinion_distrib": {
        "avg": 0.05464030029798844,
        "std": 0.07133995431437501
    },
    "lobbyists_performance": {
        "0": {
            "avg": 1.8344237273900388,
            "std": 1.6784951733976594
        },
        "1": {
            "avg": 1.995644958078691,
            "std": 1.6784951453913688
        }
    }
}