{
    "effective_number_clusters": {
        "avg": 1.1717269238255053,
        "std": 0.2624796499742455
    },
    "number_iterations": {
        "avg": 109.18,
        "std": 123.8388775788928
    },
    "average_pairwise_distance": {
        "avg": 0.11401458687334413,
        "std": 0.1488607286764437
    },
    "mean_opinion_distrib": {
        "avg": 0.5210799998131082,
        "std": 0.4389332007784275
    },
    "variance_opinion_distrib": {
        "avg": 0.05689327394626037,
        "std": 0.07428150178506353
    },
    "lobbyists_performance": {
        "0": {
            "avg": 2.3465363030195534,
            "std": 1.9766116793330422
        },
        "1": {
            "avg": 2.1566806733139723,
            "std": 1.9766117364963043
        }
    }
}