{
    "effective_number_clusters": {
        "avg": 1.16616759423921,
        "std": 0.272269349299511
    },
    "number_iterations": {
        "avg": 117.01,
        "std": 162.67209318134442
    },
    "average_pairwise_distance": {
        "avg": 0.10451222780505304,
        "std": 0.15309220903378187
    },
    "mean_opinion_distrib": {
        "avg": 0.43935759938136504,
        "std": 0.4304810444065281
    },
    "variance_opinion_distrib": {
        "avg": 0.05110856504413659,
        "std": 0.07486515054252872
    },
    "lobbyists_performance": {
        "0": {
            "avg": 1.6784031557181296,
            "std": 1.6797692207948876
        },
        "1": {
            "avg": 2.1516655352713085,
            "std": 1.6797691513358528
        }
    }
}