{
    "effective_number_clusters": {
        "avg": 1.16616759423921,
        "std": 0.272269349299511
    },
    "number_iterations": {
        "avg": 117.01,
        "std": 162.67209318134442
    },
    "average_pairwise_distance": {
        "avg": 0.1066451304133194,
        "std": 0.15621653983038974
    },
    "mean_opinion_distrib": {
        "avg": 0.5618800006312601,
        "std": 0.439266371843396
    },
    "variance_opinion_distrib": {
        "avg": 0.053215915289604954,
        "std": 0.07795205179355344
    },
    "lobbyists_performance": {
        "0": {
            "avg": 2.5302676204163874,
            "std": 1.9781119129893634
        },
        "1": {
            "avg": 1.9729493671811096,
            "std": 1.9781120547560702
        }
    }
}