{
    "effective_number_clusters": {
        "avg": 1.0,
        "std": 0.0
    },
    "number_iterations": {
        "avg": 149.3,
        "std": 126.02464044781085
    },
    "average_pairwise_distance": {
        "avg": 6.014654464323403e-08,
        "std": 1.2981489691934497e-08
    },
    "mean_opinion_distrib": {
        "avg": 0.402000007966761,
        "std": 0.48009996051373566
    },
    "variance_opinion_distrib": {
        "avg": 4.517710036241661e-13,
        "std": 1.974547841153053e-13
    },
    "lobbyists_performance": {
        "0": {
            "avg": 1.5326306074456082,
            "std": 1.8733853495297264
        },
        "1": {
            "avg": 2.297436853562357,
            "std": 1.8733852530232884
        },
        "2": {
            "avg": 1.5326306074456082,
            "std": 1.8733853495297264
        }
    }
}