{
    "effective_number_clusters": {
        "avg": 1.0,
        "std": 0.0
    },
    "number_iterations": {
        "avg": 149.3,
        "std": 126.02464044781085
    },
    "average_pairwise_distance": {
        "avg": 6.13740251450896e-08,
        "std": 1.3246418053690195e-08
    },
    "mean_opinion_distrib": {
        "avg": 0.599999991870652,
        "std": 0.4898979188915669
    },
    "variance_opinion_distrib": {
        "avg": 4.703987959436309e-13,
        "std": 2.0559640162019458e-13
    },
    "lobbyists_performance": {
        "0": {
            "avg": 2.7019285903553945,
            "std": 2.206115455920291
        },
        "1": {
            "avg": 1.8012858876444136,
            "std": 2.2061156527717625
        },
        "2": {
            "avg": 2.7019285903553945,
            "std": 2.206115455920291
        }
    }
}