{"effective_number_clusters": {"avg": 1.0, "std": 0.0}, "number_iterations": {"avg": 63.333333333333336, "std": 6.944222218666553}, "average_pairwise_distance": {"avg": 2.720909997105215e-08, "std": 8.964670796279918e-09}, "average_opinions": {"avg": 0.6633333246160689, "std": 0.4619764190230042}, "std_opinions": {"avg": 2.885276521731152e-07, "std": 8.820387142993006e-08}, "lobbyists_performance": {"0": {"avg": 1.501072242323577, "std": 2.1228367231869862}, "1": {"avg": 3.0021438641386715, "std": 2.1228362844290802}}}