{"effective_number_clusters": [1.0, 1.0, 1.0], "number_iterations": [57, 60, 73], "average_pairwise_distance": [3.5121916967923675e-08, 3.1831064226759603e-08, 1.4674318718473159e-08], "average_opinions": [0.9899999824269252, 0.9899999840841008, 0.010000007337180388], "std_opinions": [3.475686411202675e-07, 3.541675781533607e-07, 1.6384673724571732e-07], "lobbyists_performance": {"0": [6.113725324624758e-12, 6.34456718000848e-12, 4.503216726958272], "1": [4.503215714174206, 4.503215878240449, 1.3582381531016694e-12]}}