{
    "effective_number_clusters": {
        "avg": 1.0,
        "std": 0.0
    },
    "number_iterations": {
        "avg": 13.27,
        "std": 1.2071039723238426
    },
    "average_pairwise_distance": {
        "avg": 4.7337034771688924e-07,
        "std": 2.7588965083378653e-07
    },
    "mean_opinion_distrib": {
        "avg": 0.38239995077659544,
        "std": 0.4756783296043275
    },
    "variance_opinion_distrib": {
        "avg": 5.224231488283344e-13,
        "std": 4.715182022374025e-13
    },
    "lobbyists_performance": null
}