{
    "effective_number_clusters": {
        "avg": 1.0,
        "std": 0.0
    },
    "number_iterations": {
        "avg": 22.73,
        "std": 3.9213645584158576
    },
    "average_pairwise_distance": {
        "avg": 6.670566845106358e-08,
        "std": 4.411151547055137e-08
    },
    "mean_opinion_distrib": {
        "avg": 0.4699999947078558,
        "std": 0.49909915363006074
    },
    "variance_opinion_distrib": {
        "avg": 1.6417785708045254e-13,
        "std": 1.2837981489117917e-13
    },
    "lobbyists_performance": {
        "0": {
            "avg": 2.116510271858257,
            "std": 2.2475501259884907
        },
        "1": {
            "avg": 2.386703832483006,
            "std": 2.2475508416428456
        }
    }
}