{
    "effective_number_clusters": {
        "avg": 1.0,
        "std": 0.0
    },
    "number_iterations": {
        "avg": 8.0,
        "std": 1.0954451150103321
    },
    "average_pairwise_distance": {
        "avg": 3.660731042795324e-09,
        "std": 3.568002569714831e-09
    },
    "mean_opinion_distrib": {
        "avg": 0.7999999995839677,
        "std": 0.3999999980062639
    },
    "variance_opinion_distrib": {
        "avg": 1.2318246158548686e-15,
        "std": 1.922245127277427e-15
    },
    "lobbyists_performance": {
        "0": {
            "avg": 3.602573852856519,
            "std": 1.8012869264282
        },
        "1": {
            "avg": 0.9006434213356875,
            "std": 1.8012868426712914
        },
        "2": {
            "avg": 3.602573852856519,
            "std": 1.8012869264282
        }
    }
}